id,name,age
0,jlv,37
1,vyD,34
2,Gev,31
3,hKU,44
4,ZOK,29
5,BTP,45
6,JPB,29
7,jge,43
8,GoP,28
9,ouv,37
10,Spi,49
11,qBq,25
12,zOy,23
13,cIU,26
14,JtZ,37
15,doH,42
16,IIr,35
17,TEw,37
18,xte,23
19,AqA,27
20,gBl,50
21,Tjf,48
22,vVf,44
23,rkw,42
24,eyK,23
25,vwK,38
26,bZA,30
27,jRX,28
28,BAG,29
29,Dlq,46
30,Ged,34
31,eNd,36
32,CuX,35
33,SFK,40
34,OPj,21
35,jtq,41
36,cxj,48
37,OWD,36
38,KBH,42
39,jyT,28
40,kQK,40
41,YiU,42
42,HQP,34
43,JmD,46
44,Avt,46
45,vQQ,46
46,PoM,26
47,ThM,31
48,wTQ,31
49,Iah,21
50,qtp,33
51,Let,36
52,vrs,43
53,fcg,21
54,KbE,45
55,QlE,34
56,WxE,33
57,zfr,29
58,pPC,43
59,Xkb,24
60,JzC,37
61,qyC,39
62,fiI,42
63,gcE,48
64,Rwl,28
65,maB,43
66,uql,42
67,CCQ,49
68,sFL,22
69,OPt,39
70,nae,21
71,VfK,41
72,Nrk,28
73,qIt,49
74,ihv,44
75,AHQ,26
76,VUQ,48
77,tPo,32
78,Vtd,40
79,gUV,28
80,ifB,37
81,ZXx,33
82,xDM,34
83,aSH,43
84,Fvk,44
85,rrK,44
86,SYs,46
87,gIN,47
88,Xgp,26
89,uKq,37
90,rjM,29
91,EFM,33
92,gne,38
93,yPa,24
94,Ook,45
95,AgM,38
96,ddl,32
97,hen,36
98,PHx,42
99,pTI,44
